ID,isImportant
A1,False
A2,False
A3,True
A4,False
A5,False
A6,False
A7,False
A8,False
A9,False
A10,False
A11,False
A12,False
A13,True
A14,True
A15,True
A16,True
A17,False
A18,False
A19,False
A20,False
A21,True
A22,True
A23,True
A24,True
A25,True
A26,True
A27,False
A28,True
A29,True
A30,True
A31,True
A32,True
A33,True
A34,True
A35,True
A36,False
A37,False
A38,False
A39,False
A40,True
A41,True
A42,True
A43,True
A44,True
A45,True
A46,False
A47,True
A48,False
A49,False
A50,True
A51,True
A52,True
A53,True
A54,True
A55,True
A56,False
A57,True
A58,True
A59,True
A60,True
A61,True
A62,True
A63,True
A64,True
A65,False
A66,True
A67,True
A68,True
A69,True
A70,True
A71,False
A72,True
A73,True
A74,True
A75,True
A76,True
A77,True
A78,True
A79,True
A80,True
A81,True
A82,True
A83,True
A84,True
A85,True
A86,True
A87,True
A88,True
A92,True
A93,False
A94,False
A95,True
A97,True
A98,True
A99,True
A100,False
A101,True
A102,True
A103,True
A104,True
A105,True
A106,True
A107,True
A108,False
A109,True
A110,True
A111,True
A112,True
A113,True
A114,True
A115,True
A116,True
A117,True
A118,True
A119,True
A120,True
A121,True
A122,True
A123,True
A124,True
A125,True
A126,False
A127,True
A128,True
A129,True
A130,True
A131,True
A132,True
A133,True
A134,False
A135,True
A136,False
A137,False
A138,False
A139,False
A140,True
A141,False
A142,True
A143,False
A144,False
A145,False
A146,False
A147,False
A148,False
A149,False
A150,False
A151,False
A152,False
A153,True
A154,True
A155,False
A156,True
A157,True
A158,True
A159,True
A160,False
A161,True
A162,False
A163,True
A164,True
A165,True
A166,True
A167,True
A168,False
A169,False
A170,False
A171,True
A172,False
A173,False
A174,False
A175,False
A176,False
A177,False
A178,True
A179,False
A180,False
A181,False
A182,True
A183,False
A184,False
A185,False
A186,False
A187,False
A188,False
A189,False
A190,False
A191,False
A192,True
A193,False
A194,False
A195,True
A196,False
A197,False
A198,True
A199,False
A200,False
A201,False
A202,False
A203,False
A204,False
A205,False
A206,True
A207,True
A208,False
A209,False
A210,False
A211,False
A212,True
A213,False
A214,False
A215,True
A216,True
A217,False
A218,True
A219,True
A220,True
A221,False
A222,True
A223,True
A224,True
A225,True
A226,False
A227,True
A228,False
A229,False
A230,False
A231,True
A232,True
A233,False
A234,True
A235,False
A236,True
A237,False
A238,True
A239,False
A240,True
A241,False
A242,True
A243,False
A244,True
A245,False
A246,True
A247,False
A248,True
A249,False
A250,True
A251,False
A252,False
A253,True
A254,True
A255,True
A256,True
A257,False
A258,False
A259,True
A260,True
A261,True
A262,True
A263,True
A264,True
A265,True
A266,True
A267,False
A268,True
A269,True
A270,True
A271,False
A272,False
A273,True
A274,True
A275,True
A276,True
A277,False
A278,True
A279,False
A280,True
A281,True
A282,False
A283,True
A284,False
A285,True
A286,False
A287,True
A288,True
A289,True
A290,False
A291,True
A292,True
A293,False
A294,True
A295,True
A296,False
A297,True
A298,True
A299,True
A300,False
A301,True
A302,True
A303,True
A304,True
A305,True
A306,True
A307,False
A308,True
A309,True
A310,True
A311,False
A312,False
A313,True
A314,False
A315,True
A316,False
A317,True
A318,False
A319,False
A320,True
A321,True
A322,True
A323,True
A324,True
A325,True
A326,True
A327,True
A328,True
A329,False
A330,False
A331,False
A332,False
A333,True
A334,True
A335,True
A336,True
A337,False
A338,False
A339,True
A340,False
A341,True
A342,True
A343,True
A344,True
A345,False
A346,False
A347,False
A348,True
A349,True
A350,True
A351,False
A352,False
A353,False
A354,False
A355,True
A356,True
A357,True
A358,False
A359,False
A360,True
A361,True
A362,False
A363,True
A364,True
A365,True
A366,True
A367,True
A368,False
A369,True
A370,True
A371,True
A372,True
A373,True
A374,True
A375,True
A376,True
A377,True
A378,True
A379,True
A380,False
A381,False
A382,False
A383,True
A384,False
A385,True
A386,False
A387,True
A388,True
A389,False
A390,False
A391,False
A392,True
A393,True
A394,False
A395,False
A396,True
A397,False
A398,False
A399,False
A400,False
A401,False
A402,False
A403,True
A404,False
A405,True
A406,True
A407,True
A408,True
A409,False
A410,True
A411,True
A412,True
A413,False
A414,False
A415,False
A416,False
A417,True
A418,False
A419,True
A420,False
A421,True
A422,False
A423,False
A424,True
A425,True
A426,True
A427,False
A428,True
A429,True
A430,True
A431,False
A432,True
A433,False
A434,True
A435,False
A436,False
A437,True
A438,True
A439,True
A440,False
A441,True
A442,True
A443,True
A444,True
A445,True
A446,True
A447,True
A448,True
A449,False
A450,False
A451,True
A452,True
A453,True
A454,False
A455,True
A456,False
A457,True
A458,True
A459,True
A460,True
A461,False
A462,True
A463,True
A464,False
A465,False
A466,True
A467,True
A468,False
A469,True
A470,True
A471,True
A472,False
A473,True
A474,False
A475,True
A476,True
A477,True
A478,True
A479,True
A480,True
A481,False
A482,False
A483,True
A484,False
A485,False
A486,False
A487,True
A488,True
A489,True
A490,True
A491,True
A492,False
A493,False
A494,False
A495,False
A496,False
A497,True
A498,False
A499,False
A500,True
A501,True
A502,True
A503,True
A504,True
A505,False
A506,True
A507,False
A508,True
A509,True
A510,False
A511,True
A512,True
A513,True
A514,True
A515,True
A516,True
A517,True
A518,True
A519,False
A520,True
A521,True
A522,False
A523,True
A524,False
A525,True
A526,True
A527,False
A528,False
A529,True
A530,True
A531,True
A532,True
A533,False
A534,False
A535,True
A536,True
A537,False
A538,True
A539,True
A540,True
A541,True
A542,False
A543,True
A544,True
A545,True
A546,True
A547,True
A548,True
A549,True
A550,False
A551,False
A552,True
A553,True
A554,False
A555,False
A556,False
A557,True
A558,False
A559,True
A560,True
A561,True
A562,False
A563,True
A564,True
A565,True
A566,True
A567,True
A568,True
A569,False
A570,False
A571,True
A572,True
A573,True
A574,True
A575,False
A576,False
A577,True
A578,True
A579,False
A580,True
A581,False
A582,True
A583,False
A584,True
A585,True
A586,False
A587,True
A588,False
A589,True
A590,False
A591,True
A592,True
A593,False
A594,True
A595,True
A596,True
A597,False
A598,False
A599,True
A600,False
A601,False
A602,True
A603,True
A604,False
A605,False
A606,False
A607,True
A608,True
A609,False
A610,True
A611,True
A612,False
A613,True
A614,True
A615,True
A616,True
A617,False
A618,True
A619,True
A620,True
A621,False
A622,False
A623,True
A624,True
A625,False
A626,True
A627,True
A628,False
A629,False
A630,True
A631,True
A632,True
A633,False
A634,True
A635,False
A636,True
A637,True
A638,False
A639,False
A640,False
A641,True
A642,False
A643,True
A644,True
A645,False
A646,False
A647,False
A648,True
A649,False
A650,False
A651,True
A652,True
A653,True
A654,False
A655,True
A656,True
A657,False
A658,True
A659,True
A660,True
A661,False
A662,True
A663,True
A664,True
A665,False
A666,True
A667,False
A668,False
A669,False
A670,True
A671,True
A672,True
A673,True
A674,True
A675,True
A676,False
A677,False
A678,True
A679,True
A680,True
A681,True
A682,False
A683,True
A684,True
A685,False
A686,False
A687,True
A688,True
A689,True
A690,False
A691,True
A692,False
A693,False
A694,True
A695,True
A696,True
A697,False
A698,False
A699,False
A700,False
A701,True
A702,False
A703,True
A704,False
A705,True
A706,False
A707,True
A708,True
A709,True
A710,False
A711,False
A712,True
A713,False
A714,True
A715,True
A716,False
A717,False
A718,True
A719,False
A720,True
A721,True
A722,True
A723,True
A724,False
A725,True
A726,True
A727,True
A728,True
A729,True
A730,True
A731,True
A732,True
A733,True
A734,True
A735,True
A736,True
A737,True
A738,True
A739,True
A740,True
A741,True
A742,True
A743,True
A744,True
A745,True
A746,False
A747,True
A748,False
A749,True
A750,False
A751,True
A752,False
A753,False
A754,False
A755,True
A756,False
A757,True
A758,True
A759,True
A760,False
A761,False
A762,True
A763,True
A764,False
A765,True
A766,False
A767,True
A768,True
A769,True
A770,True
A771,False
A772,True
A773,True
A774,False
A775,False
A776,True
A777,True
A778,True
A779,True
A780,True
A781,False
A782,True
A783,False
A784,True
A785,False
A786,True
A787,False
A788,True
A789,True
A790,False
A791,True
A792,True
A793,False
A794,False
A795,False
A796,True
A797,False
A798,True
A799,True
A800,True
A801,False
A802,False
A803,False
A804,True
A805,False
A806,False
A807,True
A808,False
A809,True
A810,False
A811,False
A812,True
A813,False
A814,False
A815,True
A816,False
A817,False
A818,False
A819,True
A820,False
A821,False
A822,True
A823,False
A824,True
A825,True
A826,False
A827,True
A828,True
A829,False
A830,False
A831,True
A832,True
A833,False
A834,True
A835,True
A836,True
A837,True
A838,True
A839,True
A840,False
A841,False
A842,False
A843,True
A844,False
A845,False
A846,False
A847,False
A848,True
A849,True
A850,False
A851,True
A852,True
A853,False
A854,False
A855,False
A856,False
A857,False
A858,True
A859,False
A860,False
A861,False
A862,False
A863,False
A864,True
A865,False
A866,False
A867,True
A868,True
A869,False
A870,False
A871,False
A872,True
A873,True
A874,True
A875,False
A876,False
A877,True
A878,True
A879,False
A880,True
A881,True
A882,True
A883,True
A884,True
A885,True
A886,True
A887,False
A888,True
A889,False
A890,False
A891,False
A892,True
A893,True
A894,True
A895,True
A896,False
A897,True
A898,False
A899,False
A900,True
A901,True
A902,True
A903,True
A904,True
A905,True
A906,True
A907,False
A908,True
A909,False
A910,True
A911,True
A912,True
A913,True
A914,True
A915,False
A916,False
A917,True
A918,True
A919,True
A920,True
A921,False
A922,True
A923,True
A924,False
A925,False
A926,True
A927,True
A928,False
A929,False
A930,False
A931,True
A932,True
A933,True
A934,True
A935,True
A936,False
A937,False
A938,False
A939,False
A940,True
A941,True
A942,True
A943,True
A944,True
A945,False
A946,False
A947,True
A948,True
A949,True
A950,True
A951,False
A952,False
A953,False
A954,True
A955,False
A956,False
A957,False
A958,True
A959,True
A960,False
A961,False
A962,True
A963,True
A964,True
A965,True
A966,True
A967,False
A968,False
A969,False
A970,True
A971,False
A972,True
A973,True
A974,True
A975,True
A976,True
A977,True
A978,False
A979,False
A980,True
A981,True
A982,True
A983,True
A984,True
A985,True
A986,False
A987,True
A988,True
A989,False
A990,True
A991,True
A992,False
A993,True
A994,True
A995,True
A996,False
A997,True
A998,True
A999,True
A1000,False
A1001,True
A1002,True
A1003,False
A1004,False
A1005,False
A1006,True
A1007,True
A1008,False
A1009,True
A1010,True
A1011,False
A1012,True
A1013,False
A1014,True
A1015,True
A1016,False
A1017,False
A1018,True
A1019,False
A1020,True
A1021,True
A1022,False
A1023,True
A1024,False
A1025,True
A1026,True
A1027,False
A1028,False
A1029,False
A1030,False
A1031,True
A1032,True
A1033,True
A1034,True
A1035,False
A1036,True
A1037,True
A1038,False
A1039,False
A1040,True
A1041,True
A1042,True
A1043,True
A1044,False
A1045,True
A1046,True
A1047,True
A1048,False
A1049,True
A1050,True
A1051,False
A1052,True
A1053,True
A1054,True
A1055,True
A1056,True
A1057,False
A1058,False
A1059,False
A1060,False
A1061,True
A1062,False
A1063,False
A1064,True
A1065,False
A1066,True
A1067,False
A1068,False
A1069,True
A1070,True
A1071,True
A1072,False
A1073,False
A1074,True
A1075,True
A1076,True
A1077,True
A1078,True
A1079,False
A1080,True
A1081,True
A1082,False
A1083,True
A1084,True
A1085,True
A1086,True
A1087,True
A1088,False
A1089,True
A1090,False
A1091,True
A1092,True
A1093,False
A1094,True
A1095,False
A1096,True
A1097,False
A1098,True
A1099,True
A1100,False
A1101,True
A1102,False
A1103,True
A1104,True
A1105,False
A1106,False
A1107,True
A1108,False
A1109,False
A1110,False
A1111,False
A1112,False
A1113,True
A1114,True
A1115,True
A1116,False
A1117,True
A1118,True
A1119,False
A1120,False
A1121,True
A1122,True
A1123,True
A1124,True
A1125,False
A1126,True
A1127,False
A1128,True
A1129,True
A1130,False
A1131,True
A1132,True
A1133,True
A1134,True
A1135,False
A1136,True
A1137,False
A1138,False
A1139,True
A1140,False
A1141,False
A1142,True
A1143,True
A1144,True
A1145,True
A1146,True
A1147,True
A1148,False
A1149,False
A1150,True
A1151,True
A1152,False
A1153,True
A1154,False
A1155,True
A1156,True
A1157,True
A1158,False
A1159,True
A1160,False
A1161,True
A1162,True
A1163,False
A1164,False
A1165,False
A1166,False
A1167,True
A1168,False
A1169,False
A1170,True
A1171,True
A1172,True
A1173,True
A1174,False
A1175,True
A1176,True
A1177,True
A1178,False
A1179,False
A1180,True
A1181,True
A1182,True
A1183,False
A1184,True
A1185,True
A1186,True
A1187,True
A1188,True
A1189,False
A1190,False
A1191,True
A1192,True
A1193,False
A1194,True
A1195,False
A1196,False
A1197,False
A1198,True
A1199,True
A1200,False
A1201,False
A1202,False
A1203,False
A1204,True
A1205,False
A1206,False
A1207,False
A1208,False
A1209,False
A1210,False
A1211,False
A1212,True
A1213,True
A1214,True
A1215,True
A1216,False
A1217,False
A1218,True
A1219,False
A1220,True
A1221,True
A1222,False
A1223,True
A1224,True
A1225,False
A1226,True
A1227,True
A1228,True
A1229,True
A1230,True
A1231,True
A1232,True
A1233,True
A1234,False
A1235,False
A1236,True
A1237,True
A1238,False
A1239,False
A1240,True
A1241,False
A1242,False
A1243,True
A1244,True
A1245,True
A1246,True
A1247,False
A1248,True
A1249,False
A1250,True
A1251,False
A1252,False
A1253,True
A1254,True
A1255,True
A1256,True
A1257,True
A1258,False
A1259,True
A1260,True
A1261,False
A1262,False
A1263,True
A1264,True
A1265,True
A1266,True
A1267,False
A1268,True
A1269,True
A1270,True
A1271,False
A1272,True
A1273,True
A1274,False
A1275,True
A1276,False
A1277,True
A1278,True
A1279,True
A1280,True
A1281,False
A1282,False
A1283,True
A1284,False
A1285,True
A1286,True
A1287,True
A1288,False
A1289,True
A1290,True
A1291,True
A1292,True
A1293,False
A1294,False
A1295,True
A1296,True
A1297,False
A1298,True
A1299,True
A1300,True
A1301,True
A1302,True
A1303,False
A1304,False
A1305,True
A1306,False
A1307,False
A1308,True
A1309,True
A1310,True
A1311,True
A1312,False
A1313,True
A1314,True
A1315,False
A1316,True
A1317,False
A1318,True
A1319,True
A1320,True
A1321,True
A1322,True
A1323,True
A1324,True
A1325,False
A1326,False
A1327,True
A1328,False
A1329,False
A1330,False
A1331,False
A1332,True
A1333,False
A1334,False
A1335,True
A1336,True
A1337,True
A1338,False
A1339,False
A1340,True
A1341,False
A1342,True
A1343,False
A1344,False
A1345,False
A1346,False
A1347,False
A1348,True
A1349,True
A1350,True
A1351,True
A1352,False
A1353,True
A1354,False
A1355,False
A1356,True
A1357,True
A1358,True
A1359,True
A1360,True
A1361,True
A1362,True
A1363,True
A1364,True
A1365,True
A1366,True
A1367,True
A1368,True
A1369,False
A1370,True
A1371,True
A1372,False
A1373,False
A1374,False
A1375,True
A1376,False
A1377,True
A1378,False
A1379,True
A1380,False
A1381,False
A1382,True
A1383,False
A1384,True
A1385,False
A1386,True
A1387,True
A1388,True
A1389,False
A1390,False
A1391,True
A1392,True
A1393,False
A1394,True
A1395,True
A1396,True
A1397,False
A1398,False
A1399,False
A1400,False
A1401,False
A1402,True
A1403,False
A1404,False
A1405,True
A1406,False
A1407,True
A1408,False
A1409,False
A1410,True
A1411,False
A1412,True
A1413,True
A1414,False
A1415,False
A1416,False
A1417,False
A1418,True
A1419,True
A1420,False
A1421,False
A1422,True
A1423,True
A1424,True
A1425,True
A1426,True
A1427,True
A1428,False
A1429,True
A1430,True
A1431,True
A1432,True
A1433,True
A1434,True
A1435,True
A1436,False
A1437,True
A1438,True
A1439,True
A1440,False
A1441,False
A1442,True
A1443,True
A1444,True
A1445,False
A1446,True
A1447,True
A1448,True
A1449,False
A1450,True
A1451,False
A1452,False
A1453,False
A1454,True
A1455,True
A1456,True
A1457,True
A1458,False
A1459,True
A1460,True
A1461,True
A1462,True
A1463,True
A1464,False
A1465,False
A1466,True
A1467,False
A1468,False
A1469,True
A1470,True
A1471,False
A1472,False
A1473,True
A1474,False
A1475,False
A1476,False
A1477,False
A1478,True
A1479,False
A1480,False
A1481,False
A1482,False
A1483,False
A1484,False
A1485,False
A1486,True
A1487,True
A1488,False
A1489,True
A1490,False
A1491,False
A1492,False
A1493,True
A1494,True
A1495,True
A1496,True
A1497,True
A1498,True
A1499,False
A1500,False
A1501,True
A1502,True
A1503,False
A1504,True
A1505,True
A1506,False
A1507,True
A1508,True
A1509,False
A1510,False
A1511,False
A1512,True
A1513,False
A1514,True
A1515,False
A1516,True
A1517,False
A1518,True
A1519,True
A1520,False
A1521,False
A1522,False
A1523,True
A1524,True
A1525,False
A1526,False
A1527,False
A1528,True
A1529,False
A1530,True
A1531,True
A1532,True
A1533,True
A1534,False
A1535,True
A1536,True
A1537,True
A1538,False
A1539,False
A1540,True
A1541,False
A1542,False
A1543,False
A1544,False
A1545,False
A1546,False
A1547,False
A1548,False
A1550,False
A1551,True
A1552,False
A1553,False
A1554,True
A1555,True
A1556,True
A1557,False
A1558,False
A1559,True
A1560,False
A1561,True
A1562,True
A1563,True
A1564,True
A1565,True
A1566,True
A1567,True
A1568,True
A1569,True
A1570,True
A1571,False
A1572,True
A1573,True
A1574,False
A1575,False
A1576,True
A1577,True
A1578,True
A1579,True
A1580,True
A1581,True
A1582,True
A1583,True
A1584,True
A1585,False
A1586,False
A1587,False
A1588,True
A1589,False
A1590,True
A1591,True
A1592,True
A1593,True
A1594,True
A1595,False
A1596,False
A1597,True
A1599,False
A1600,True
A1601,False
A1602,False
A1603,True
A1604,False
A1605,False
A1606,True
A1607,True
A1608,True
A1609,False
A1610,False
A1611,True
A1612,False
A1613,False
A1614,True
A1615,False
A1616,True
A1617,False
A1618,False
A1619,False
A1620,False
A1621,True
A1622,False
A1623,True
A1624,True
A1625,True
A1626,True
A1627,False
A1628,True
A1629,True
A1630,True
A1631,True
A1632,True
A1633,False
A1634,True
A1635,True
A1636,False
A1637,True
A1638,False
A1639,False
A1640,True
A1641,False
A1642,True
A1643,False
A1644,True
A1645,False
A1646,False
A1647,True
A1648,False
A1649,True
A1650,True
A1651,False
A1652,True
A1653,False
A1654,True
A1655,True
A1656,False
A1657,True
A1658,False
A1659,True
A1660,False
A1661,False
A1662,True
A1663,False
A1664,True
A1665,False
A1666,False
A1667,True
A1668,True
A1669,False
A1670,False
A1671,False
A1672,True
A1673,True
A1674,False
A1675,False
A1676,True
A1677,True
A1678,False
A1679,True
A1680,True
A1681,False
A1682,False
A1683,True
A1684,True
A1685,True
A1686,True
A1687,False
A1688,False
A1689,True
A1690,True
A1691,True
A1692,True
A1693,False
A1694,True
A1695,True
A1696,True
A1697,False
A1698,True
A1699,True
A1700,False
A1701,True
A1702,True
A1703,True
A1704,False
A1705,False
A1706,False
A1707,True
A1708,True
A1709,True
A1710,True
A1711,True
A1712,True
A1713,True
A1714,False
A1715,True
A1716,False
A1717,True
A1718,True
A1719,True
A1720,False
A1721,True
A1722,True
A1723,False
A1724,True
A1725,False
A1726,False
A1727,False
A1728,False
A1729,True
A1730,False
A1731,False
A1732,True
A1733,True
A1734,False
A1735,True
A1736,False
A1737,True
A1738,False
A1739,True
A1740,False
A1741,True
A1742,False
A1743,False
A1744,False
A1745,True
A1746,True
A1747,False
A1748,False
A1749,True
A1750,True
A1751,True
A1752,True
A1753,True
A1754,True
A1755,True
A1756,False
A1757,True
A1758,True
A1759,False
A1760,False
A1761,True
A1762,True
A1763,False
A1764,True
A1765,False
A1766,True
A1767,True
A1768,True
A1769,False
A1770,False
A1771,True
A1772,True
A1773,False
A1774,False
A1775,True
A1776,True
A1777,True
A1778,True
A1779,True
A1780,True
A1781,False
A1782,False
A1783,False
A1784,True
A1785,True
A1786,True
A1788,True
A1789,False
A1790,True
A1791,True
A1792,True
A1793,True
A1795,True
A1796,True
A1797,False
A1798,False
A1799,True
A1800,True
A1801,True
A1802,False
A1803,True
A1804,True
A1805,True
A1806,True
A1807,False
A1808,False
A1809,False
A1810,True
A1811,True
A1812,True
A1813,False
A1814,True
A1815,False
A1816,False
A1817,False
A1818,False
A1819,True
A1820,True
A1821,False
A1822,True
A1823,True
A1824,True
A1825,True
A1827,True
A1828,False
A1829,True
A1830,False
A1831,False
A1832,True
A1833,False
A1834,True
A1835,False
A1837,True
A1838,True
A1839,True
A1840,True
A1841,True
A1842,True
A1843,False
A1844,False
A1845,True
A1846,True
A1847,True
A1848,True
A1849,True
A1850,True
A1851,True
A1852,False
A1853,True
A1854,True
A1855,True
A1856,True
A1857,True
A1858,True
A1859,False
A1860,False
A1861,True
A1862,False
A1863,False
A1864,True
A1865,True
A1866,True
A1867,False
A1868,False
A1869,True
A1870,True
A1871,True
A1872,True
A1873,True
A1874,True
A1875,True
A1876,False
A1877,True
A1878,False
A1879,True
A1880,True
A1881,True
A1882,True
A1883,True
A1884,True
A1885,True
A1886,True
A1887,True
A1888,True
A1889,True
A1890,True
A1891,True
A1892,False
A1893,True
A1894,False
A1895,False
A1896,False
A1897,True
A1898,True
A1899,True
A1900,False
A1901,True
A1902,True
A1903,True
A1904,True
A1905,True
A1906,False
A1907,False
A1908,False
A1909,True
A1910,False
A1911,True
A1912,False
A1913,False
A1914,True
A1915,True
A1916,True
A1917,False
A1918,False
A1919,True
A1920,True
A1921,True
A1922,False
A1923,True
A1924,False
A1925,True
A1926,False
A1927,True
A1928,True
A1929,True
A1930,False
A1931,True
A1932,False
A1933,True
A1934,False
A1935,False
A1936,False
A1937,True
A1938,True
A1939,True
A1940,False
A1941,True
A1942,False
A1943,False
A1944,False
A1945,True
A1946,True
A1947,True
A1948,True
A1949,False
A1950,True
A1951,True
A1952,False
A1953,False
A1954,True
A1955,True
A1956,True
A1957,False
A1958,False
A1959,False
A1960,True
A1961,True
A1962,True
A1963,True
A1964,True
A1965,False
A1966,False
A1967,False
A1968,True
A1969,True
A1970,True
A1971,False
A1972,True
A1973,False
A1974,True
A1975,False
A1976,True
A1977,False
A1978,False
A1979,True
A1980,True
A1981,True
A1982,True
A1983,True
A1984,True
A1985,True
A1986,True
A1987,False
A1988,False
A1989,False
A1990,False
A1991,False
A1992,False
A1993,True
A1994,True
A1995,True
A1996,True
A1997,True
A1998,True
A1999,True
A2000,True
A2001,False
A2002,True
A2003,True
A2004,True
A2005,True
A2006,False
A2007,True
A2008,True
A2009,True
A2010,True
A2011,True
A2012,True
A2013,True
A2014,False
A2015,False
A2016,True
A2017,False
A2018,True
A2019,True
A2020,False
A2021,True
A2022,True
A2023,False
A2024,True
A2025,False
A2026,True
A2027,True
A2028,True
A2029,True
A2030,True
A2031,False
A2032,False
A2033,False
A2034,True
A2035,True
A2036,False
A2037,True
A2038,True
A2039,True
A2040,False
A2041,False
A2042,False
A2043,False
A2044,True
A2045,True
A2046,True
A2047,False
A2048,False
A2049,True
A2050,True
A2051,False
A2052,True
A2053,True
A2054,False
A2055,True
A2056,False
A2057,True
A2058,False
A2059,True
A2060,False
A2061,False
A2062,True
A2063,True
A2064,False
A2065,False
A2066,False
A2067,False
A2068,True
A2069,False
A2070,True
A2071,True
A2072,True
A2073,False
A2074,False
A2075,True
A2076,True
A2077,True
A2078,True
A2079,True
A2080,True
A2081,True
A2082,True
A2083,True
A2084,False
A2085,True
A2086,False
A2087,False
A2088,True
A2089,False
A2090,True
A2091,False
A2092,True
A2093,True
A2094,False
A2095,False
A2096,True
A2097,True
A2098,True
A2099,True
A2100,True
A2101,True
A2102,True
A2103,True
A2104,True
A2105,False
A2106,False
A2107,False
A2108,False
A2109,False
A2110,False
A2111,False
A2112,False
A2113,True
A2114,True
A2115,False
A2116,True
A2117,True
A2118,False
A2119,False
A2120,True
A2121,False
A2122,True
A2123,True
A2124,False
A2125,True
A2126,True
A2127,True
A2128,True
A2129,True
A2130,True
A2131,False
A2132,True
A2133,True
A2134,True
A2135,True
A2136,True
A2137,True
A2138,False
A2139,False
A2140,False
A2141,True
A2142,False
A2143,False
A2144,False
A2145,True
A2146,True
A2147,True
A2148,True
A2149,True
A2150,False
A2151,False
A2152,True
A2153,True
A2154,True
A2155,True
A2156,False
A2157,True
A2158,True
A2159,True
A2160,True
A2161,True
A2162,True
A2163,True
A2164,True
A2165,True
A2166,False
A2167,False
A2168,True
A2169,False
A2170,False
A2171,True
A2172,True
A2173,False
A2174,True
A2175,True
A2176,True
A2177,True
A2178,False
A2179,True
A2180,False
A2181,False
A2182,False
A2183,False
A2184,True
A2185,False
A2186,True
A2187,False
A2188,True
A2189,True
A2190,True
A2191,True
A2192,True
A2193,True
A2194,True
A2195,False
A2196,False
A2197,True
A2198,False
A2199,True
A2200,True
A2201,False
A2202,True
A2203,True
A2204,False
A2205,False
A2206,False
A2207,False
A2208,True
A2209,True
A2210,True
A2211,True
A2212,True
A2213,True
A2214,True
A2215,True
A2216,True
A2217,False
A2218,True
A2219,True
A2220,True
A2221,False
A2222,False
A2223,False
A2224,False
A2225,True
A2226,False
A2227,False
A2228,True
A2229,True
A2230,True
A2231,True
A2232,True
A2233,True
A2234,True
A2235,False
A2236,True
A2237,False
A2238,True
A2239,True
A2240,True
A2241,True
A2242,True
A2243,True
A2244,False
A2245,True
A2246,True
A2247,True
A2248,False
A2249,False
A2250,True
A2251,True
A2252,False
A2253,True
A2254,False
A2255,False
A2256,True
A2257,True
A2258,False
A2259,False
A2260,True
A2261,False
A2262,True
A2263,False
A2264,False
A2265,True
A2266,True
A2267,True
A2268,False
A2269,True
A2270,True
A2271,False
A2272,True
A2273,False
A2274,True
A2275,True
A2276,False
A2277,False
A2278,True
A2279,True
A2280,True
A2281,True
A2282,True
A2283,False
A2284,False
A2285,False
A2286,False
A2287,False
A2288,False
A2289,False
A2290,False
A2291,False
A2292,True
A2293,True
A2294,False
A2295,True
A2296,True
A2297,False
A2298,False
A2299,False
A2300,False
A2301,True
A2302,True
A2303,False
A2304,True
A2305,True
A2306,False
A2307,True
A2308,True
A2309,True
A2310,True
A2311,True
A2312,True
A2313,True
A2314,True
A2315,False
A2316,True
A2317,False
A2318,False
A2319,True
A2320,True
A2321,True
A2322,True
A2323,False
A2324,False
A2325,False
A2326,True
A2327,False
A2328,True
A2329,False
A2330,False
A2331,True
A2332,False
A2333,False
A2334,False
A2335,True
A2336,True
A2337,True
A2338,True
A2339,False
A2340,True
A2341,True
A2342,False
A2343,True
A2344,False
A2345,False
A2346,True
A2347,False
A2348,True
A2349,True
A2350,False
A2351,False
A2352,False
A2353,True
A2354,True
A2355,True
A2356,False
A2357,True
A2358,True
A2359,True
A2360,True
A2361,False
A2362,True
A2363,False
A2364,True
A2365,True
A2366,True
A2367,True
A2368,False
A2369,False
A2370,False
A2371,True
A2372,False
A2373,False
A2374,False
A2375,True
A2376,True
A2377,True
A2378,True
A2379,True
A2380,True
A2381,False
A2382,False
A2383,False
A2384,True
A2385,False
A2386,False
A2387,False
A2388,True
A2389,True
A2390,True
A2391,True
A2392,False
A2393,False
A2394,False
A2395,True
A2396,True
A2397,True
A2398,False
A2399,True
A2400,True
A2401,False
A2402,False
A2403,True
A2404,True
A2405,False
A2406,False
A2407,True
A2408,False
A2409,True
A2410,False
A2411,True
A2412,True
A2413,True
A2414,False
A2415,True
A2416,True
A2417,True
A2418,True
A2419,True
A2420,True
A2421,True
A2422,True
A2423,True
A2424,False
A2425,True
A2426,True
A2427,False
A2428,False
A2429,True
A2430,False
A2431,True
A2432,False
A2433,True
A2434,True
A2435,True
A2436,True
A2437,False
A2438,False
A2439,False
A2440,True
A2441,False
A2442,True
A2443,False
A2444,True
A2445,True
A2446,True
A2447,False
A2448,True
A2449,False
A2450,True
A2451,True
A2452,False
A2453,True
A2454,True
A2455,True
A2456,False
A2457,True
A2458,False
A2459,False
A2460,True
A2461,True
A2462,False
A2463,False
A2464,False
A2465,True
A2466,True
A2467,True
A2468,True
A2469,False
A2470,True
A2471,False
A2472,True
A2473,True
A2474,False
A2475,False
A2476,True
A2477,True
A2478,True
A2479,True
A2480,True
A2481,False
A2482,True
A2483,False
A2484,True
A2485,True
A2486,False
A2487,False
A2488,False
A2489,False
A2490,True
A2491,False
A2492,True
A2493,True
A2494,True
A2495,False
A2496,True
A2497,False
A2498,True
A2499,True
A2500,True
A2501,False
A2502,True
A2503,True
A2504,False
A2505,True
A2506,True
A2507,True
A2508,True
A2509,True
A2510,True
A2511,True
A2512,True
A2513,True
A2514,True
A2515,True
A2516,True
A2517,True
A2518,True
A2519,True
A2520,True
A2521,False
A2522,True
A2523,True
A2524,False
A2525,False
A2526,False
A2527,False
A2528,False
A2529,True
A2530,True
A2531,True
A2532,False
A2533,True
A2534,True
A2535,False
A2536,False
A2537,False
A2538,True
A2539,True
A2540,False
A2541,True
A2542,True
A2543,False
A2544,True
A2545,False
A2546,True
A2547,True
A2548,True
A2549,True
A2550,True
A2551,True
A2552,False
A2553,True
A2554,False
A2555,True
A2556,False
A2557,True
A2558,True
A2559,False
A2560,True
A2561,True
A2562,True
A2563,False
A2564,False
A2565,False
A2566,True
A2567,False
A2568,False
A2569,True
A2570,False
A2571,False
A2572,True
A2573,True
A2574,False
A2575,True
A2576,False
A2577,True
A2578,True
A2579,True
A2580,True
A2581,True
A2582,True
A2583,False
A2584,True
A2585,False
A2586,True
A2587,False
A2588,True
A2589,True
A2590,False
A2591,True
A2592,True
A2593,True
A2594,True
A2595,False
A2596,True
A2597,True
A2598,False
A2599,True
A2600,True
A2601,True
A2602,True
A2603,True
A2604,True
A2605,True
A2606,True
A2607,True
A2608,True
A2609,True
A2610,True
A2611,False
A2612,False
A2613,True
A2614,True
A2615,True
A2616,True
A2617,True
A2618,True
A2619,True
A2620,False
A2621,False
A2622,True
A2623,False
A2624,False
A2625,False
A2626,False
A2627,True
A2628,True
A2629,False
A2630,True
A2631,True
A2632,False
A2633,False
A2634,True
A2635,False
A2636,False
A2637,True
A2638,True
A2639,True
A2640,False
A2641,True
A2642,False
A2643,False
A2644,True
A2645,False
A2646,True
A2647,True
A2648,False
A2649,True
A2650,False
A2651,False
A2652,True
A2653,True
A2654,False
A2655,False
A2656,False
A2657,True
A2658,False
A2659,False
A2660,True
A2661,False
A2662,False
A2663,True
A2664,True
A2665,True
A2666,True
A2667,True
A2668,True
A2669,False
A2670,False
A2671,True
A2672,False
A2673,False
A2674,False
A2675,False
A2676,True
A2677,True
A2678,False
A2679,True
A2680,False
A2681,False
A2682,False
A2683,False
A2684,False
A2685,True
A2686,True
A2687,False
A2688,True
A2689,True
A2690,True
A2691,False
A2692,False
A2693,True
A2694,False
A2695,True
A2696,True
A2697,False
A2698,True
A2699,False
A2700,True
A2701,False
A2702,False
A2703,True
A2704,True
A2705,True
A2706,True
A2707,False
A2708,False
A2709,True
A2710,False
A2711,False
A2712,True
A2713,False
A2714,True
A2715,True
A2716,False
A2717,True
A2718,False
A2719,False
A2720,False
A2721,False
A2722,True
A2723,True
A2724,True
A2725,True
A2726,True
A2727,False
A2728,True
A2729,False
A2730,True
A2731,True
A2732,False
A2733,False
A2734,True
A2735,False
A2736,False
A2737,True
A2738,False
A2739,False
A2740,False
A2741,True
A2742,True
A2743,True
A2744,True
A2745,True
A2746,True
A2747,True
A2748,False
A2749,True
A2750,True
A2751,True
A2752,True
A2753,True
A2754,True
A2755,False
A2756,True
A2757,True
A2758,True
A2759,True
A2760,True
A2761,True
A2762,False
A2763,True
A2764,True
A2765,True
A2766,True
A2767,False
A2768,False
A2769,True
A2770,True
A2771,True
A2772,False
A2773,True
A2774,True
A2775,True
A2776,True
A2777,False
A2778,True
A2779,False
A2780,True
A2781,True
A2782,False
A2783,True
A2784,True
A2785,True
A2786,False
A2787,False
A2788,True
A2789,True
A2790,False
A2791,True
A2792,False
A2793,False
A2794,True
A2795,True
A2796,True
A2797,True
A2798,True
A2799,False
A2800,True
A2801,False
A2802,True
A2803,False
A2804,False
A2805,True
A2806,False
A2807,False
A2808,False
A2809,True
A2810,True
A2811,True
A2812,False
A2813,True
A2814,False
A2815,True
A2816,True
A2817,True
A2818,True
A2819,True
A2820,True
A2821,False
A2822,True
A2823,False
A2824,True
A2825,True
A2826,False
A2827,True
A2828,True
A2829,True
A2830,False
A2831,False
A2832,False
A2833,False
A2834,False
A2835,True
A2836,False
A2837,False
A2838,True
A2839,True
A2840,True
A2841,True
A2842,False
A2843,True
A2844,True
A2845,True
A2846,False
A2847,True
A2848,False
A2849,True
A2850,False
A2851,True
A2852,True
A2853,False
A2854,False
A2855,True
A2856,True
A2857,False
A2858,True
A2859,True
A2860,True
A2861,True
A2862,True
A2863,True
A2864,True
A2865,False
A2866,True
A2867,False
A2868,False
A2869,True
A2870,True
A2871,True
A2873,False
A2874,True
A2875,True
A2876,False
A2877,True
A2878,False
A2879,False
A2880,False
A2881,True
A2882,True
A2883,False
A2884,True
A2885,True
A2886,True
A2887,True
A2888,True
A2889,True
A2890,True
A2891,True
A2892,False
A2893,True
A2894,True
A2895,False
A2896,True
A2897,False
A2898,True
A2899,False
A2900,True
A2901,True
A2902,True
A2903,True
A2904,True
A2905,True
A2906,True
A2907,False
A2908,True
A2909,True
A2910,True
A2911,True
A2912,True
A2913,False
A2914,True
A2915,True
A2916,True
A2917,True
A2918,True
A2919,False
A2920,False
A2921,False
A2922,True
A2923,False
A2924,True
A2925,True
A2926,False
A2927,True
A2928,True
A2929,True
A2930,True
A2931,False
A2932,True
A2933,False
A2934,True
A2935,False
A2936,True
A2937,True
A2938,False
A2939,True
A2940,True
A2941,True
A2942,True
A2943,False
A2944,True
A2945,True
A2946,False
A2947,True
A2948,True
A2949,True
A2950,True
A2951,True
A2952,True
A2953,True
A2954,False
A2955,False
A2956,False
A2957,True
A2958,True
A2959,False
A2960,True
A2961,True
A2962,True
A2963,False
A2964,True
A2965,False
A2966,True
A2967,True
A2968,True
A2969,True
A2970,True
A2971,False
A2972,True
A2973,True
A2974,True
A2975,True
A2976,True
A2977,True
A2978,True
A2979,True
A2980,True
A2981,True
A2982,False
A2983,False
A2984,False
A2985,False
A2986,False
A2987,True
A2988,True
A2989,True
A2990,False
A2991,True
A2992,True
A2993,True
A2994,True
A2995,True
A2996,False
A2997,True
A2998,False
A2999,False
A3000,True
A3001,True
A3002,True
A3003,True
A3004,True
A3005,True
A3006,True
A3007,False
A3008,False
A3009,True
A3010,False
A3011,True
A3012,False
A3013,True
A3014,False
A3015,False
A3016,False
A3017,False
A3018,True
A3019,False
A3020,False
A3021,True
A3022,False
A3023,True
A3024,False
A3025,True
A3026,True
A3027,False
A3028,True
A3029,True
A3030,False
A3031,True
A3032,True
A3033,True
A3034,True
A3035,True
A3036,False
A3037,False
A3038,True
A3039,False
A3040,True
A3041,True
A3042,True
A3043,True
A3044,True
A3045,False
A3046,False
A3047,False
A3048,False
A3049,False
A3050,True
A3051,False
A3052,False
A3053,True
A3054,True
A3055,True
A3056,True
A3057,True
A3058,True
A3059,True
A3060,False
A3061,False
A3062,False
A3063,True
A3064,False
A3065,True
A3066,False
A3067,True
A3068,True
A3069,True
A3070,False
A3071,False
A3072,True
